<?xml version="1.0"?>
<!--
  ~ Copyright (c) 2018 BrainActs Commerce OÜ, All rights reserved.
  ~ See LICENSE.txt for license details.
  -->

<config xmlns:xsi="http://www.w3.org/2001/XMLSchema-instance" xsi:noNamespaceSchemaLocation="urn:magento:framework:ObjectManager/etc/config.xsd">

    <type name="Magento\Checkout\Model\CompositeConfigProvider">
        <arguments>
            <argument name="configProviders" xsi:type="array">
                <item name="reward_points_provider" xsi:type="object">BrainActs\RewardPoints\Model\RewardConfigProvider</item>
            </argument>
        </arguments>
    </type>

    <type name="Magento\Sales\Model\Order">
        <plugin name="setup_reward_discount" type="BrainActs\RewardPoints\Plugin\SetupRewardDiscount"/>
    </type>
    <type name="Magento\Paypal\Model\Cart">
        <plugin name="setup_reward_discount" type="BrainActs\RewardPoints\Plugin\SetupRewardDiscount"/>
    </type>

</config>