<?xml version="1.0"?>
<!--
  ~ Copyright (c) 2018 BrainActs Commerce OÜ, All rights reserved.
  ~ See LICENSE.txt for license details.
  -->

<config xmlns:xsi="http://www.w3.org/2001/XMLSchema-instance" xsi:noNamespaceSchemaLocation="urn:magento:framework:Event/etc/events.xsd">

    <event name="brainacts_rewardpoints_api_data_ruleearninginterface_save_before">
        <observer name="legacy_reward_points_model_save" instance="Magento\Framework\EntityManager\Observer\BeforeEntitySave" />
    </event>
    <event name="brainacts_rewardpoints_api_data_ruleearninginterface_save_after">
        <observer name="legacy_reward_points_model_save" instance="Magento\Framework\EntityManager\Observer\AfterEntitySave" />
    </event>

    <event name="brainacts_rewardpoints_api_data_ruleearninginterface_delete_before">
        <observer name="legacy_reward_points_model_delete" instance="Magento\Framework\EntityManager\Observer\BeforeEntityDelete" />
    </event>
    <event name="brainacts_rewardpoints_api_data_ruleearninginterface_delete_after">
        <observer name="legacy_reward_points_model_delete" instance="Magento\Framework\EntityManager\Observer\AfterEntityDelete" />
    </event>
    <event name="brainacts_rewardpoints_api_data_ruleearninginterface_load_after">
        <observer name="legacy_reward_points_model_load" instance="Magento\Framework\EntityManager\Observer\AfterEntityLoad" />
    </event>


    <event name="sales_model_service_quote_submit_before">
        <observer name="reward_sales_convert_quote_to_order" instance="BrainActs\RewardPoints\Observer\RewardSalesConvertQuoteToOrder" />
    </event>

    <event name="checkout_submit_all_after">
        <observer name="reward_checkout_submit_all_after" instance="BrainActs\RewardPoints\Observer\RewardCheckoutSubmitAllAfter" />
    </event>
    <event name="paypal_express_place_order_success">
        <observer name="reward_paypal_express_place_order_success" instance="BrainActs\RewardPoints\Observer\RewardCheckoutSubmitAllAfter" />
    </event>


    <event name="review_save_after">
        <observer name="reward_points_review_save_after" instance="BrainActs\RewardPoints\Observer\Rule\ReviewSaveAfter" />
    </event>
</config>
