<?xml version="1.0"?>
<!--
  ~ Copyright (c) 2018 BrainActs Commerce OÜ, All rights reserved.
  ~ See LICENSE.txt for license details.
  -->
<routes xmlns:xsi="http://www.w3.org/2001/XMLSchema-instance" xsi:noNamespaceSchemaLocation="urn:magento:module:Magento_Webapi:etc/webapi.xsd">

    <!-- Managing mine Cart Reward Points -->
    <route url="/V1/carts/mine/points/:rewardPoints" method="PUT">
        <service class="BrainActs\RewardPoints\Api\PointsManagementInterface" method="set"/>
        <resources>
            <resource ref="self" />
        </resources>
        <data>
            <parameter name="cartId" force="true">%cart_id%</parameter>
        </data>
    </route>


</routes>
